Hora;Sentido;RPM;Q_Teorico_mLmin;Q_Feed_mLmin;Q_Perm_mLmin;Q_Ret_mLmin;Vol_Feed_L;Vol_Perm_L;Recov_Y_porc
10:46:29;FILTRACION;50.0;770.0;0.0;614.1;0.0;0.001;0.987;0.0
10:46:31;FILTRACION;50.0;770.0;0.0;585.3;0.0;0.001;1.005;0.0
10:46:44;FILTRACION;6.0;92.4;0.0;0.0;0.0;0.001;1.047;0.0
10:46:46;FILTRACION;50.0;770.0;0.0;386.0;0.0;0.001;1.081;0.0
10:46:48;FILTRACION;50.0;770.0;0.0;451.5;0.0;0.001;1.098;0.0
10:46:51;FILTRACION;50.0;770.0;0.0;485.7;0.0;0.001;1.116;0.0
10:46:53;FILTRACION;50.0;770.0;0.0;512.0;0.0;0.001;1.134;0.0
10:46:56;FILTRACION;50.0;770.0;0.0;520.6;0.0;0.001;1.143;0.0
10:46:58;FILTRACION;50.0;770.0;0.0;551.1;0.0;0.001;1.189;0.0
10:47:00;FILTRACION;27.9;429.4;0.0;525.7;0.0;0.001;1.206;0.0
10:47:03;FILTRACION;25.0;385.0;0.0;504.9;0.0;0.001;1.222;0.0
10:47:05;FILTRACION;25.0;385.0;0.0;489.6;0.0;0.001;1.238;0.0
10:47:07;FILTRACION;25.0;385.0;0.0;476.6;0.0;0.001;1.261;0.0
10:47:09;FILTRACION;25.0;385.0;0.0;478.7;0.0;0.001;1.277;0.0
10:47:12;FILTRACION;25.0;385.0;0.0;456.5;0.0;0.001;1.292;0.0
10:47:14;FILTRACION;25.0;385.0;0.0;434.0;0.0;0.001;1.306;0.0
10:47:18;FILTRACION;25.0;385.0;0.0;437.1;0.0;0.001;1.320;0.0
10:47:24;FILTRACION;24.0;369.0;0.0;460.6;0.0;0.001;1.387;0.0
10:47:26;FILTRACION;17.8;274.1;0.0;460.6;0.0;0.001;1.387;0.0
10:47:29;RETROLAVADO;25.0;385.0;0.0;370.4;0.0;0.001;1.409;0.0
10:47:31;RETROLAVADO;25.0;385.0;0.0;357.2;0.0;0.001;1.420;0.0
10:47:33;RETROLAVADO;25.0;385.0;0.0;345.8;0.0;0.001;1.437;0.0
10:47:35;RETROLAVADO;15.0;231.0;0.0;343.3;0.0;0.001;1.448;0.0
10:47:38;FILTRACION;25.0;385.0;0.0;272.2;0.0;0.001;1.460;0.0
10:47:42;FILTRACION;25.0;385.0;0.0;288.5;0.0;0.001;1.465;0.0
10:47:45;FILTRACION;25.0;385.0;0.0;324.6;0.0;0.001;1.494;0.0
10:47:47;FILTRACION;50.0;770.0;0.0;336.0;0.0;0.001;1.505;0.0
10:47:49;FILTRACION;50.0;770.0;0.0;413.6;0.0;0.002;1.528;0.0
10:47:51;FILTRACION;50.0;770.0;0.0;439.9;0.0;0.002;1.544;0.0
10:47:54;FILTRACION;80.0;1232.0;0.0;537.4;0.0;0.002;1.572;0.0
10:47:57;FILTRACION;80.0;1232.0;0.0;537.4;0.0;0.002;1.572;0.0
10:47:59;FILTRACION;80.0;1232.0;0.0;655.0;0.0;0.002;1.628;0.0
10:48:02;FILTRACION;80.0;1232.0;0.0;669.6;0.0;0.002;1.651;0.0
10:48:04;FILTRACION;80.0;1232.0;0.0;662.3;0.0;0.002;1.684;0.0
10:48:07;FILTRACION;80.0;1232.0;0.0;656.7;0.0;0.002;1.706;0.0
10:48:09;FILTRACION;80.0;1232.0;0.0;658.2;0.0;0.002;1.728;0.0
10:48:13;FILTRACION;80.0;1232.0;0.0;658.6;0.0;0.002;1.750;0.0
10:48:15;FILTRACION;80.0;1232.0;0.0;664.5;0.0;0.002;1.783;0.0
10:48:18;FILTRACION;80.0;1232.0;0.0;667.8;0.0;0.002;1.805;0.0
10:48:27;FILTRACION;80.0;1232.0;0.0;652.1;0.0;0.002;1.849;0.0
10:48:34;FILTRACION;80.0;1232.0;0.0;629.1;0.0;0.002;1.943;0.0
10:48:37;FILTRACION;80.0;1232.0;0.0;596.8;0.0;0.002;2.002;0.0
10:48:41;FILTRACION;80.0;1232.0;0.0;641.8;0.0;0.002;2.045;0.0
10:48:43;FILTRACION;80.0;1232.0;0.0;651.9;0.0;0.002;2.078;0.0
10:48:47;FILTRACION;80.0;1232.0;0.0;643.3;0.0;0.002;2.099;0.0
10:48:51;FILTRACION;80.0;1232.0;0.0;653.5;0.0;0.002;2.122;0.0
10:48:53;FILTRACION;80.0;1232.0;0.0;654.5;0.0;0.002;2.144;0.0
10:48:56;FILTRACION;80.0;1232.0;0.0;646.8;0.0;0.002;2.207;0.0
10:48:58;FILTRACION;80.0;1232.0;0.0;648.3;0.0;0.002;2.261;0.0
10:49:00;FILTRACION;94.0;1447.6;0.0;642.2;0.0;0.002;2.282;0.0
10:49:05;FILTRACION;94.0;1447.6;0.0;648.6;0.0;0.002;2.304;0.0
10:49:07;FILTRACION;94.0;1447.6;0.0;660.9;0.0;0.002;2.360;0.0
10:49:09;FILTRACION;94.0;1447.6;0.0;680.5;0.0;0.002;2.383;0.0
10:49:12;FILTRACION;94.0;1447.6;0.0;658.4;0.0;0.002;2.415;0.0
10:50:09;FILTRACION;34.0;523.6;0.0;18.4;0.0;0.002;2.456;0.0
10:50:12;FILTRACION;80.0;1232.0;0.0;98.1;0.0;0.002;2.462;0.0
10:50:16;FILTRACION;94.0;1447.6;0.0;176.0;0.0;0.002;2.470;0.0
10:50:18;FILTRACION;94.0;1447.6;5.2;221.2;0.0;0.002;2.487;0.0
10:50:21;FILTRACION;94.0;1447.6;9.8;234.5;0.0;0.002;2.492;0.0
10:50:23;FILTRACION;94.0;1447.6;28.6;222.7;0.0;0.005;2.509;777.4
10:50:25;FILTRACION;94.0;1447.6;0.0;162.1;0.0;0.005;2.512;0.0
10:50:28;FILTRACION;94.0;1447.6;8.3;141.9;0.0;0.006;2.516;0.0
10:50:30;FILTRACION;94.0;1447.6;14.5;120.6;0.0;0.006;2.520;0.0
10:50:32;FILTRACION;94.0;1447.6;3.1;113.6;0.0;0.006;2.524;0.0
10:50:34;FILTRACION;94.0;1447.6;19.0;149.1;0.0;0.008;2.532;0.0
10:50:37;FILTRACION;94.0;1447.6;17.6;163.1;0.0;0.008;2.538;0.0
10:50:40;FILTRACION;94.0;1447.6;18.4;172.3;0.0;0.009;2.541;0.0
10:50:42;FILTRACION;94.0;1447.6;30.2;357.6;0.0;0.011;2.566;1182.7
10:50:44;FILTRACION;94.0;1447.6;29.5;429.0;0.0;0.012;2.582;1453.7
10:50:46;FILTRACION;94.0;1447.6;40.0;534.1;0.0;0.014;2.611;1335.2
10:50:49;FILTRACION;94.0;1447.6;40.2;545.3;0.0;0.015;2.621;1354.9
10:50:52;FILTRACION;94.0;1447.6;38.1;627.1;0.0;0.018;2.664;1646.4